0111; Uzgoj žitarica (osim riže), mahunarki i uljanog  sjemenja;
0112; Uzgoj riže;
0113; Uzgoj povrća, dinja i lubenica, korjenastog i gomoljastog povrća;
0114; Uzgoj šećerne trske;
0115; Uzgoj duhana;
0116; Uzgoj predivog bilja ;
0119; Uzgoj ostalih jednogodišnjih usjeva ;
0121; Uzgoj grožđa ;
0122; Uzgoj tropskog i suptropskog voća;
0123; Uzgoj agruma;
0124; Uzgoj  jezgričavog i koštuničavog  voća;
0125; Uzgoj bobičastog, orašastog i ostalog voća ;
0126; Uzgoj uljanih plodova;
0127; Uzgoj usjeva za pripremanje napitaka;
0128; Uzgoj bilja za uporabu u farmaciji, aromatskog, začinskog i ljekovitog bilja  ;
0129; Uzgoj  ostalih višegodišnjih usjeva ;
0130; Uzgoj sadnog materijala i ukrasnog bilja;
0141; Uzgoj muznih krava;
0142; Uzgoj ostalih goveda i bivola;
0143; Uzgoj konja, magaraca, mula i mazgi;
0144; Uzgoj deva i  ljama;
0145; Uzgoj ovaca i koza;
0146; Uzgoj svinja;
0147; Uzgoj peradi;
0149; Uzgoj ostalih životinja;
150; Mješovita proizvodnja;
0161; Pomoćne djelatnosti za uzgoj usjeva;
0162; Pomoćne djelatnosti za uzgoj životinja;
0163; Djelatnosti koje se obavljaju nakon žetve usjeva (priprema usjeva za primarna tržišta);
0164; Dorada sjemena za sjemenski  materijal;
0170; Lov, stupičarenje i uslužne djelatnosti povezane s njima;
0210; Uzgoj šuma i ostale djelatnosti u šumarstvu povezane s njime;
0220; Sječa drva ;
0230; Skupljanje šumskih plodova i proizvoda, osim šumskih sortimenata;
0240; Pomoćne usluge u šumarstvu;
0311; Morski ribolov;
0312; Slatkovodni ribolov;
0321; Morska akvakultura;
0322; Slatkovodna akvakultura;
0510; Vađenje kamenog ugljena;
0520; Vađenje lignita;
0610; Vađenje sirove nafte ;
0620; Vađenje prirodnog plina;
0710; Vađenje željeznih ruda;
0721; Vađenje uranovih i torijevih ruda;
0729; Vađenje ostalih ruda obojenih metala;
0811; Vađenje ukrasnoga kamena i kamena za gradnju, vapnenca, gipsa, krede i škriljevca ;
0812;" Djelatnosti šljunčara i pješčara; vađenje gline i kaolina";
0891; Vađenje minerala za kemikalije i gnojiva;
0892; Vađenje treseta;
0893; Vađenje soli;
0899; Vađenje ostalih ruda i kamena, druge nespomenute;
0910; Pomoćne djelatnosti za vađenje nafte i prirodnog plina;
0990; Pomoćne djelatnosti za ostalo rudarstvo i vađenje;
1011; Prerada i konzerviranje mesa;
1012; Prerada i konzerviranje mesa peradi;
1013; Proizvodnja proizvoda od mesa i mesa peradi;
1020; Prerada i konzerviranje riba, rakova i školjki ;
1031; Prerada i konzerviranje krumpira;
1032; Proizvodnja sokova od voća i povrća;
1039; Ostala prerada i konzerviranje voća i povrća;
1041; Proizvodnja ulja i masti;
1042; Proizvodnja margarina i sličnih jestivih masnoća;
1051; Djelatnosti mljekara i proizvođača sira;
1052; Proizvodnja sladoleda;
1061; Proizvodnja mlinarskih proizvoda;
1062; Proizvodnja škroba i škrobnih proizvoda;
1071; Proizvodnja kruha, svježeg peciva i kolača;
1072; Proizvodnja dvopeka i keksa, trajnog peciva i kolača;
1073; Proizvodnja makarona, njoka, kuskusa i slične tjestenine;
1081; Proizvodnja šećera;
1082; Proizvodnja kakaa, čokolade i šećernih proizvoda;
1083; Proizvodnja čaja i kave;
1084; Proizvodnja začina i drugih dodataka jelima;
1085; Proizvodnja pripremljenih jela i obroka;
1086; Proizvodnja homogeniziranih prehrambenih pripravaka i dijetetske hrane;
1089; Proizvodnja ostalih prehrambenih proizvoda, druge nespomenute ;
1091; Proizvodnja pripremljene stočne hrane;
1092; Proizvodnja pripremljene hrane za kućne ljubimce;
1101; Destiliranje, pročišćavanje i miješanje alkoholnih pića;
1102; Proizvodnja vina od grožđa;
1103; Proizvodnja jabukovače i ostalih voćnih vina;
1104; Proizvodnja ostalih nedestiliranih fermentiranih pića;
1105; Proizvodnja piva;
1106; Proizvodnja slada;
1107; Proizvodnja osvježavajućih napitaka, mineralne vode i ostale flaširane vode;
1200; Proizvodnja duhanskih proizvoda;
1310; Priprema i predenje tekstilnih vlakana;
1320; Tkanje tekstila;
1330; Dovršavanje tekstila;
1391; Proizvodnja pletenih i kukičanih tkanina;
1392; Proizvodnja gotovih tekstilnih proizvoda, osim odjeće;
1393; Proizvodnja tepiha i sagova ;
1394; Proizvodnja užadi, konopaca, upletenoga konca i mreža;
1395; Proizvodnja netkanog tekstila i proizvoda od netkanog tekstila, osim odjeće;
1396; Proizvodnja ostaloga tehničkog i industrijskog tekstila;
1399; Proizvodnja ostalog tekstila, druge nespomenute;
1411; Proizvodnja kožne odjeće;
1412; Proizvodnja radne odjeće ;
1413; Proizvodnja ostale vanjske odjeće;
1414; Proizvodnja rublja;
1419; Proizvodnja ostale odjeće i pribora za odjeću ;
1420; Proizvodnja proizvoda od krzna;
1431; Proizvodnja pletenih i kukičanih čarapa;
1439; Proizvodnja ostale pletene i kukičane odjeće;
1511;" Štavljenje i obrada kože; dorada i bojenje krzna";
1512; Proizvodnja putnih i ručnih torba i slično, sedlarskih i remenarskih proizvoda;
1520; Proizvodnja obuće;
1610; Piljenje i blanjanje drva;
1621; Proizvodnja furnira i ostalih ploča od drva;
1622; Proizvodnja sastavljenog parketa;
1623; Proizvodnja ostale građevne stolarije i elemenata;
1624; Proizvodnja ambalaže od drva;
1629; Proizvodnja ostalih proizvoda od drva, proizvoda od pluta, slame i pletarskih materijala;
1711; Proizvodnja celuloze;
1712; Proizvodnja papira i kartona;
1721; Proizvodnja valovitog papira i kartona te ambalaže od papira i kartona;
1722; Proizvodnja robe za kućanstvo i higijenu te toaletnih potrepština od papira;
1723; Proizvodnja uredskog materijala od papira;
1724; Proizvodnja zidnih tapeta;
1729; Proizvodnja ostalih proizvoda od papira i kartona;
1811; Tiskanje novina;
1812; Ostalo tiskanje ;
1813; Usluge pripreme za tisak i objavljivanje;
1814; Knjigoveške i srodne usluge ;
1820; Umnožavanje snimljenih zapisa;
1910; Proizvodnja proizvoda koksnih peći;
1920; Proizvodnja rafiniranih naftnih proizvoda;
2011; Proizvodnja industrijskih plinova;
2012; Proizvodnja koloranata i pigmenata;
2013; Proizvodnja ostalih anorganskih osnovnih kemikalija;
2014; Proizvodnja ostalih organskih osnovnih kemikalija;
2015; Proizvodnja gnojiva i dušičnih spojeva;
2016; Proizvodnja plastike u primarnim oblicima;
2017; Proizvodnja sintetičkoga kaučuka u primarnim oblicima;
2020; Proizvodnja pesticida i drugih agrokemijskih proizvoda;
2030; Proizvodnja boja, lakova i sličnih premaza, grafičkih boja i kitova;
2041; Proizvodnja sapuna i deterdženata, sredstava za čišćenje i poliranje;
2042; Proizvodnja parfema i toaletno;kozmetičkih preparata
2051; Proizvodnja eksploziva;
2052; Proizvodnja ljepila ;
2053; Proizvodnja eteričnih ulja;
2059; Proizvodnja ostalih kemijskih proizvoda, druge nespomenute ;
2060; Proizvodnja umjetnih vlakana;
2110; Proizvodnja osnovnih farmaceutskih proizvoda;
2120; Proizvodnja farmaceutskih pripravaka;
2211;" Proizvodnja vanjskih i unutrašnjih guma za vozila; protektiranje vanjskih guma";
2219; Proizvodnja ostalih proizvoda od gume;
2221; Proizvodnja ploča, listova, cijevi i profila od plastike;
2222; Proizvodnja ambalaže od plastike;
2223; Proizvodnja proizvoda od plastike za građevinarstvo;
2229; Proizvodnja ostalih proizvoda od plastike;
2311; Proizvodnja ravnog stakla;
2312; Oblikovanje i obrada ravnog stakla;
2313; Proizvodnja šupljeg stakla;
2314; Proizvodnja staklenih vlakana;
2319; Proizvodnja i obrada ostalog stakla uključujući tehničku robu od stakla;
2320; Proizvodnja vatrostalnih proizvoda;
2331; Proizvodnja keramičkih pločica i ploča;
2332; Proizvodnja opeke, crijepa i ostalih proizvoda od pečene gline za građevinarstvo;
2341; Proizvodnja keramičkih proizvoda za kućanstvo i ukrasnih predmeta;
2342; Proizvodnja sanitarne keramike ;
2343; Proizvodnja keramičkih izolatora i izolacijskog pribora;
2344; Proizvodnja ostalih tehničkih proizvoda od keramike;
2349; Proizvodnja ostalih proizvoda od keramike;
2351; Proizvodnja cementa;
2352; Proizvodnja vapna i gipsa ;
2361; Proizvodnja proizvoda od betona za građevinarstvo;
2362; Proizvodnja proizvoda od gipsa za građevinarstvo;
2363; Proizvodnja gotove betonske smjese;
2364; Proizvodnja žbuke;
2365; Proizvodnja fibro;cementa
2369; Proizvodnja ostalih proizvoda od betona, cementa i gipsa ;
2370; Rezanje, oblikovanje i obrada kamena;
2391; Proizvodnja brusnih proizvoda;
2399; Proizvodnja ostalih nemetalnih mineralnih proizvoda, druge nespomenute;
2410; Proizvodnja sirovog željeza, čelika i ferolegura;
2420; Proizvodnja čeličnih cijevi i pribora;
2431; Hladno vučenje šipki;
2432; Hladno valjanje uskih vrpci;
2433; Hladno oblikovanje i profiliranje ;
2434; Hladno vučenje žice;
2441; Proizvodnja plemenitih metala;
2442; Proizvodnja aluminija;
2443; Proizvodnja olova, cinka i kositra;
2444; Proizvodnja bakra;
2445; Proizvodnja ostalih obojenih metala;
2446; Obrada nuklearnoga goriva;
2451; Lijevanje željeza;
2452; Lijevanje čelika;
2453; Lijevanje lakih metala;
2454; Lijevanje ostalih obojenih metala;
2511; Proizvodnja metalnih konstrukcija i njihovih dijelova;
2512; Proizvodnja vrata i prozora od metala;
2521; Proizvodnja radijatora i kotlova za centralno grijanje;
2529; Proizvodnja ostalih metalnih cisterni, rezervoara i sličnih posuda ;
2530; Proizvodnja parnih kotlova, osim kotlova za centralno grijanje toplom vodom;
2540; Proizvodnja oružja i streljiva;
2550;" Kovanje, prešanje, štancanje i valjanje metala; metalurgija praha";
2561; Obrada i prevlačenje metala;
2562; Strojna obrada metala;
2571; Proizvodnja sječiva;
2572; Proizvodnja brava i okova;
2573; Proizvodnja alata;
2591; Proizvodnja čeličnih bačava i sličnih posuda ;
2592; Proizvodnja ambalaže od lakih metala;
2593; Proizvodnja proizvoda od žice, lanaca i opruga;
2594; Proizvodnja zakovica i vijčane robe;
2599; Proizvodnja ostalih gotovih proizvoda od metala, druge nespomenute;
2611; Proizvodnja elektroničkih komponenata ;
2612; Proizvodnja punih elektroničkih ploča;
2620; Proizvodnja računala i periferne opreme;
2630; Proizvodnja komunikacijske opreme;
2640; Proizvodnja elektroničkih uređaja za široku potrošnju;
2651; Proizvodnja instrumenata i aparata za mjerenje,  ispitivanje i navigaciju;
2652; Proizvodnja satova ;
2660; Proizvodnja opreme za zračenje, elektromedicinske i elektroterapeutske opreme;
2670; Proizvodnja optičkih instrumenata i fotografske opreme;
2680; Proizvodnja magnetskih i optičkih medija;
2711; Proizvodnja elektromotora, generatora i transformatora;
2712; Proizvodnja uređaja za distribuciju i kontrolu električne energije;
2720; Proizvodnja baterija i akumulatora;
2731; Proizvodnja kablova od optičkih vlakana;
2732; Proizvodnja ostalih elektroničkih i električnih žica i kablova;
2733; Proizvodnja elektroinstalacijskog materijala;
2740; Proizvodnja električne opreme za rasvjetu;
2751; Proizvodnja električnih aparata za kućanstvo;
2752; Proizvodnja neelektričnih aparata za kućanstvo;
2790; Proizvodnja ostale električne opreme;
2811; Proizvodnja motora i turbina, osim motora za zrakoplove i motorna vozila;
2812; Proizvodnja hidrauličnih pogonskih uređaja;
2813; Proizvodnja ostalih crpki i kompresora;
2814; Proizvodnja ostalih slavina i ventila;
2815; Proizvodnja ležajeva, prijenosnika te prijenosnih i pogonskih elemenata;
2821; Proizvodnja peći i plamenika;
2822; Proizvodnja uređaja za dizanje i prenošenje;
2823; Proizvodnja uredskih strojeva i opreme (osim proizvodnje računala i periferne opreme);
2824; Proizvodnja mehaniziranoga ručnog alata;
2825; Proizvodnja rashladne i ventilacijske opreme, osim za kućanstvo;
2829; Proizvodnja ostalih strojeva za opće namjene, druge nespomenute;
2830; Proizvodnja strojeva za poljoprivredu i šumarstvo;
2841; Proizvodnja strojeva za obradu metala;
2849; Proizvodnja ostalih alatnih strojeva;
2891; Proizvodnja strojeva za metalurgiju;
2892; Proizvodnja strojeva za rudnike, kamenolome i građevinarstvo;
2893; Proizvodnja strojeva za industriju hrane, pića i duhana;
2894; Proizvodnja strojeva za industriju tekstila, odjeće i kože;
2895; Proizvodnja strojeva za industriju papira i kartona;
2896; Proizvodnja strojeva za plastiku i gumu;
2899; Proizvodnja ostalih strojeva za posebne namjene, druge nespomenute;
2910; Proizvodnja motornih vozila;
2920; Proizvodnja karoserija za motorna vozila, prikolica i poluprikolica;
2931; Proizvodnja električne i elektroničke opreme za motorna vozila ;
2932; Proizvodnja ostalih dijelova i pribora za motorna vozila ;
3011; Gradnja brodova i plutajućih objekata;
3012; Gradnja čamaca za razonodu i sportskih čamaca;
3020; Proizvodnja željezničkih lokomotiva i tračničkih vozila;
3030; Proizvodnja zrakoplova i svemirskih letjelica te srodnih prijevoznih sredstava i opreme;
3040; Proizvodnja vojnih borbenih vozila;
3091; Proizvodnja motocikala;
3092; Proizvodnja bicikala i invalidskih kolica;
3099; Proizvodnja ostalih prijevoznih sredstava, druge nespomenute ;
3101; Proizvodnja namještaja za poslovne i prodajne prostore;
3102; Proizvodnja kuhinjskog namještaja;
3103; Proizvodnja madraca;
3109; Proizvodnja ostalog namještaja;
3211; Proizvodnja novca;
3212; Proizvodnja nakita i srodnih proizvoda;
3213; Proizvodnja imitacije nakita (bižuterije) i srodnih proizvoda;
3220; Proizvodnja glazbenih instrumenata;
3230; Proizvodnja sportske opreme;
3240; Proizvodnja igara i igračaka;
3250; Proizvodnja medicinskih i stomatoloških instrumenata i pribora;
3291; Proizvodnja metla i četaka;
3299; Ostala prerađivačka industrija, druge nespomenute ;
3311; Popravak proizvoda od metala;
3312; Popravak strojeva;
3313; Popravak elektroničke i optičke opreme;
3314; Popravak električne opreme;
3315; Popravak i održavanje brodova i čamaca;
3316; Popravak i održavanje zrakoplova i svemirskih letjelica;
3317; Popravak i održavanje ostalih prijevoznih sredstava;
3319; Popravak ostale opreme;
3320; Instaliranje industrijskih strojeva i opreme;
3511; Proizvodnja električne energije;
3512; Prijenos električne energije;
3513; Distribucija električne energije;
3514; Trgovina električnom energijom;
3521; Proizvodnja plina;
3522; Distribucija plinovitih goriva distribucijskom mrežom;
3523; Trgovina plinom distribucijskom mrežom;
3530; Opskrba parom i klimatizacija;
3600; Skupljanje, pročišćavanje i opskrba vodom;
3700; Uklanjanje otpadnih voda;
3811; Skupljanje bezopasnog otpada;
3812; Skupljanje opasnog otpada;
3821; Obrada i odlaganje bezopasnog otpada;
3822; Obrada i odlaganje opasnog otpada;
3831; Rastavljanje olupina;
3832; Obnavljanje posebno izdvojenih materijala;
3900; Djelatnosti sanacije okoliša te ostale usluge zbrinjavanja otpada;
4110; Organizacija izvedbe projekata za zgrade;
4120; Gradnja stambenih i nestambenih zgrada;
4211; Gradnja cesta i autocesta;
4212; Gradnja željezničkih pruga i podzemnih željeznica;
4213; Gradnja mostova i tunela;
4221; Gradnja cjevovoda za tekućine i plinove;
4222; Gradnja vodova za električnu struju i telekomunikacije;
4291; Gradnja vodnih građevina;
4299; Gradnja ostalih građevina niskogradnje, druge nespomenute;
4311; Rušenje građevina;
4312; Pripremni radovi na gradilištu;
4313; Pokusno bušenje i sondiranje terena za gradnju;
4321; Elektroinstalacijski radovi;
4322; Uvođenje instalacija vodovoda, kanalizacije i plina i instalacija za grijanje i klimatizaciju;
4329; Ostali građevinski instalacijski radovi;
4331; Fasadni i štukaturski radovi;
4332; Ugradnja stolarije;
4333; Postavljanje podnih i zidnih obloga;
4334; Soboslikarski i staklarski radovi;
4339; Ostali završni građevinski radovi;
4391; Radovi na krovištu;
4399; Ostale specijalizirane građevinske djelatnosti, druge nespomenute;
4511; Trgovina automobilima i motornim vozilima lake kategorije ;
4519; Trgovina ostalim motornim vozilima;
4520; Održavanje i popravak motornih vozila;
4531; Trgovina na veliko dijelovima i priborom za motorna vozila ;
4532; Trgovina na malo dijelovima i priborom za motorna vozila;
4540; Trgovina motociklima, dijelovima i priborom za motocikle te održavanje i popravak motocikala;
4611; Posredovanje u trgovini poljoprivrednim sirovinama, živom stokom, tekstilnim sirovinama i poluproizvodima;
4612; Posredovanje u trgovini gorivima, rudama, metalima i industrijskim kemijskim proizvodima;
4613; Posredovanje u trgovini drvom i građevinskim materijalom;
4614; Posredovanje u trgovini strojevima, industrijskom opremom, brodovima i zrakoplovima;
4615; Posredovanje u trgovini namještajem, proizvodima za kućanstvo i željeznom robom;
4616; Posredovanje u trgovini tekstilom, odjećom, krznom, obućom i kožnim proizvodima;
4617; Posredovanje u trgovini hranom, pićima i duhanom;
4618; Posredovanje u trgovini specijaliziranoj za ostale određene proizvode ili skupine proizvoda;
4619; Posredovanje u trgovini raznovrsnim proizvodima;
4621; Trgovina na veliko žitaricama, sirovim duhanom, sjemenjem i stočnom hranom;
4622; Trgovina na veliko cvijećem i sadnicama;
4623; Trgovina na veliko živom stokom;
4624; Trgovina na veliko sirovim i štavljenim kožama;
4631; Trgovina na veliko voćem i povrćem;
4632; Trgovina na veliko mesom i mesnim proizvodima;
4633; Trgovina na veliko mlijekom, mliječnim proizvodima, jajima, jestivim uljima i masnoćama;
4634; Trgovina na veliko pićima;
4635; Trgovina na veliko duhanskim proizvodima;
4636; Trgovina na veliko šećerom, čokoladom i bombonima;
4637; Trgovina na veliko kavom, čajem, kakaom i začinima;
4638; Trgovina na veliko ostalom hranom uključujući ribe, rakove i mekušce;
4639; Nespecijalizirana trgovina na veliko hranom, pićima i duhanskim proizvodima;
4641; Trgovina na veliko tekstilom;
4642; Trgovina na veliko odjećom i obućom;
4643; Trgovina na veliko električnim aparatima za kućanstvo;
4644; Trgovina na veliko porculanom, staklom i sredstvima za čišćenje;
4645; Trgovina na veliko parfemima i kozmetikom;
4646; Trgovina na veliko farmaceutskim proizvodima;
4647; Trgovina na veliko namještajem, sagovima i opremom za rasvjetu;
4648; Trgovina na veliko satovima i nakitom;
4649; Trgovina na veliko ostalim proizvodima za kućanstvo;
4651; Trgovina na veliko računalima, perifernom opremom i softverom;
4652; Trgovina na veliko elektroničkim i telekomunikacijskim dijelovima i opremom;
4661; Trgovina na veliko poljoprivrednim strojevima, opremom i priborom;
4662; Trgovina na veliko alatnim strojevima;
4663; Trgovina na veliko strojevima za rudnike i građevinarstvo;
4664; Trgovina na veliko strojevima za tekstilnu industriju te strojevima za šivanje i pletenje;
4665; Trgovina na veliko uredskim namještajem;
4666; Trgovina na veliko ostalim uredskim strojevima i opremom;
4669; Trgovina na veliko ostalim strojevima i opremom;
4671; Trgovina na veliko krutim, tekućim i plinovitim gorivima i srodnim proizvodima;
4672; Trgovina na veliko metalima i metalnim rudama;
4673; Trgovina na veliko drvom, građevinskim materijalom i sanitarnom opremom;
4674; Trgovina na veliko željeznom robom, instalacijskim materijalom i opremom za vodovod i grijanje;
4675; Trgovina na veliko kemijskim proizvodima;
4676; Trgovina na veliko ostalim poluproizvodima;
4677; Trgovina na veliko ostacima i otpacima;
4690; Nespecijalizirana trgovina na veliko ;
4711; Trgovina na malo u nespecijaliziranim prodavaonicama pretežno hranom, pićima i duhanskim proizvodima ;
4719; Ostala trgovina na malo u nespecijaliziranim prodavaonicama;
4721; Trgovina na malo voćem i povrćem u specijaliziranim prodavaonicama;
4722; Trgovina na malo mesom i mesnim proizvodima u specijaliziranim prodavaonicama;
4723; Trgovina na malo ribama, rakovima i školjkama u;
4724; Trgovina na malo kruhom, pecivom, kolačima, tjesteninama, bombonima i slatkišima u specijaliziranim prodavaonicama;
4725; Trgovina na malo pićima u specijaliziranim prodavaonicama;
4726; Trgovina na malo duhanskim proizvodima u specijaliziranim prodavaonicama;
4729; Ostala trgovina na malo prehrambenim proizvodima u specijaliziranim prodavaonicama;
4730; Trgovina na malo motornim gorivima i mazivima u specijaliziranim prodavaonicama;
4741; Trgovina na malo računalima, perifernim jedinicama i softverom u specijaliziranim prodavaonicama;
4742; Trgovina na malo telekomunikacijskom opremom u specijaliziranim prodavaonicama;
4743; Trgovina na malo audio i videoopremom u specijaliziranim prodavaonicama;
4751; Trgovina na malo tekstilom u specijaliziranim prodavaonicama;
4752; Trgovina na malo željeznom robom, bojama i staklom u specijaliziranim prodavaonicama;
4753; Trgovina na malo sagovima i prostiračima za pod, zidnim i podnim oblogama u specijaliziranim prodavaonicama;
4754; Trgovina na malo električnim aparatima za kućanstvo u specijaliziranim prodavaonicama;
4759; Trgovina na malo namještajem, opremom za rasvjetu i ostalim proizvodima za kućanstvo u specijaliziranim prodavaonicama;
4761; Trgovina na malo knjigama u specijaliziranim prodavaonicama;
4762; Trgovina na malo novinama, papirnatom robom i pisaćim priborom u specijaliziranim prodavaonicama;
4763; Trgovina na malo glazbenim i videozapisima ;
4764; Trgovina na malo sportskom opremom u;
4765; Trgovina na malo igrama i igračkama u specijaliziranim prodavaonicama;
4771; Trgovina na malo odjećom u specijaliziranim prodavaonicama;
4772; Trgovina na malo obućom i proizvodima od kože ;
4773; Ljekarne ;
4774; Trgovina na malo medicinskim pripravcima i ortopedskim pomagalima u specijaliziranim prodavaonicama;
4775; Trgovina na malo kozmetičkim i toaletnim proizvodima ;
4776; Trgovina na malo cvijećem, sadnicama, sjemenjem, gnojivom, kućnim ljubimcima i hranom za kućne ljubimce u specijaliziranim prodavaonicama;
4777; Trgovina na malo satovima i nakitom u specijaliziranim prodavaonicama;
4778; Ostala trgovina na malo novom robom u specijaliziranim prodavaonicama;
4779; Trgovina na malo rabljenom robom u specijaliziranim prodavaonicama;
4781; Trgovina na malo hranom, pićima i duhanskim proizvodima na štandovima i tržnicama;
4782; Trgovina na malo tekstilom, odjećom i obućom na štandovima i tržnicama;
4789; Trgovina na malo ostalom robom na štandovima i tržnicama;
4791; Trgovina na malo preko pošte ili interneta;
4799; Ostala trgovina na malo izvan prodavaonica, štandova i tržnica;
4910; Željeznički prijevoz putnika, međugradski;
4920; Željeznički prijevoz robe;
4931; Gradski i prigradski kopneni prijevoz putnika;
4932; Taksi služba;
4939; Ostali kopneni prijevoz putnika, druge nespomenute;
4941; Cestovni prijevoz robe;
4942; Usluge preseljenja;
4950; Cjevovodni transport;
5010; Pomorski i obalni prijevoz putnika;
5020; Pomorski i obalni prijevoz robe;
5030; Prijevoz putnika unutrašnjim vodenim putovima;
5040; Prijevoz robe unutrašnjim vodenim putovima;
5110; Zračni prijevoz putnika;
5121; Zračni prijevoz robe;
5122; Svemirski prijevoz;
5210; Skladištenje robe;
5221; Uslužne djelatnosti u vezi s kopnenim prijevozom;
5222; Uslužne djelatnosti u vezi s vodenim prijevozom;
5223; Uslužne djelatnosti u vezi sa zračnim prijevozom;
5224; Prekrcaj tereta;
5229; Ostale prateće djelatnosti u prijevozu;
5310; Djelatnosti pružanja univerzalnih poštanskih usluga;
5320; Djelatnosti pružanja ostalih poštanskih i kurirskih usluga;
5510; Hoteli i sličan smještaj;
5520; Odmarališta i slični objekti za kraći odmor;
5530; Kampovi i prostori za kampiranje;
5590; Ostali smještaj;
5610; Djelatnosti restorana i ostalih objekata za pripremu i usluživanje hrane;
5621; Djelatnosti keteringa;
5629; Ostale djelatnosti pripreme i usluživanja hrane;
5630; Djelatnosti pripreme i usluživanja pića;
5811; Izdavanje knjiga;
5812; Izdavanje imenika i popisa korisničkih adresa;
5813; Izdavanje novina;
5814; Izdavanje časopisa i periodičnih publikacija;
5819; Ostala izdavačka djelatnost;
5821; Izdavanje računalnih igara;
5829; Izdavanje ostalog softvera;
5911; Proizvodnja filmova, videofilmova i televizijskog programa;
5912; Djelatnosti koje slijede nakon proizvodnje filmova, videofilmova i televizijskog programa;
5913; Distribucija filmova, videofilmova i televizijskog programa;
5914; Djelatnosti prikazivanja filmova;
5920; Djelatnosti snimanja zvučnih zapisa i izdavanja glazbenih zapisa;
6010; Emitiranje radijskog programa;
6020; Emitiranje televizijskog programa;
6110; Djelatnosti žičane telekomunikacije;
6120; Djelatnosti bežične telekomunikacije;
6130; Djelatnosti satelitske telekomunikacije;
6190; Ostale telekomunikacijske djelatnosti;
6201; Računalno programiranje;
6202; Savjetovanje u vezi s računalima;
6203; Upravljanje računalnom opremom i sustavom;
6209; Ostale uslužne djelatnosti u vezi s informacijskom tehnologijom i računalima;
6311; Obrada podataka, usluge poslužitelja i djelatnosti povezane s njima;
6312; Internetski portali;
6391; Djelatnosti novinskih agencija;
6399; Ostale informacijske uslužne djelatnosti, druge nespomenute;
6411; Središnje bankarstvo;
6419; Ostalo novčarsko posredovanje;
6420; Djelatnosti holding;društava
6430; Trustovi (uzajamni fondovi), fondovi i slični financijski subjekti;
6491; Financijski leasing;
6492; Ostalo kreditno posredovanje;
6499; Ostale financijske uslužne djelatnosti, osim osiguranja i mirovinskih fondova, druge nespomenute;
6511; Životno osiguranje;
6512; Ostalo osiguranje;
6520; Reosiguranje;
6530; Mirovinski fondovi;
6611; Poslovanje financijskih tržišta;
6612; Djelatnosti posredovanja u poslovanju vrijednosnim papirima i robnim ugovorima;
6619; Ostale pomoćne djelatnosti kod financijskih usluga, osim osiguranja i mirovinskih fondova;
6621; Procjena rizika i štete;
6622; Djelatnosti agenata i posrednika osiguranja ;
6629; Ostale pomoćne djelatnosti u osiguranju i mirovinskim fondovima;
6630; Djelatnosti upravljanja fondovima;
6810; Kupnja i prodaja vlastitih nekretnina;
6820; Iznajmljivanje i upravljanje vlastitim nekretninama ili nekretninama uzetim u zakup (leasing);
6831; Agencije za poslovanje nekretninama;
6832; Upravljanje nekretninama uz naplatu ili na osnovi ugovora;
6910; Pravne djelatnosti;
6920;" Računovodstvene, knjigovodstvene i revizijske djelatnosti; porezno savjetovanje";
7010; Upravljačke djelatnosti;
7021; Odnosi s javnošću i djelatnosti priopćivanja;
7022; Savjetovanje u vezi s poslovanjem i ostalim upravljanjem;
7111; Arhitektonske djelatnosti;
7112; Inženjerstvo i s njim povezano tehničko savjetovanje;
7120; Tehničko ispitivanje i analiza;
7211; Istraživanje i eksperimentalni razvoj u biotehnologiji;
7219; Ostalo istraživanje i eksperimentalni razvoj u prirodnim, tehničkim i tehnološkim znanostima;
7220; Istraživanje i eksperimentalni razvoj u društvenim i humanističkim znanostima;
7311; Agencije za promidžbu;
7312; Oglašavanje preko medija;
7320; Istraživanje tržišta i ispitivanje javnoga mnijenja;
7410; Specijalizirane dizajnerske djelatnosti;
7420; Fotografske djelatnosti;
7430; Prevoditeljske djelatnosti i usluge tumača;
7490; Ostale stručne, znanstvene i tehničke djelatnosti, druge nespomenute;
7500; Veterinarske djelatnosti;
7711; Iznajmljivanje i davanje u zakup (leasing) automobila i motornih vozila lake kategorije;
7712; Iznajmljivanje i davanje u zakup (leasing) kamiona ;
7721; Iznajmljivanje i davanje u zakup (leasing) opreme za rekraciju i sport;
7722; Iznajmljivanje videokaseta i diskova;
7729; Iznajmljivanje i davanje u zakup (leasing) ostalih predmeta za osobnu uporabu i kućanstvo;
7731; Iznajmljivanje i davanje u zakup (leasing) poljoprivrednih strojeva i opreme;
7732; Iznajmljivanje i davanje u zakup (leasing) strojeva i opreme za građevinarstvo i inženjerstvo;
7733; Iznajmljivanje i davanje u zakup (leasing) uredskih strojeva i opreme (uključujući računala);
7734; Iznajmljivanje i davanje u zakup (leasing) plovnih prijevoznih sredstava;
7735; Iznajmljivanje i davanje u zakup (leasing) zračnih prijevoznih sredstava;
7739; Iznajmljivanje i davanje u zakup (leasing) ostalih strojeva, opreme i materijalnih dobara, druge nespomenute;
7740; Davanje u zakup (leasing) prava na uporabu intelektualnog vlasnišva i sličnih proizvoda, osim radova koji su zaštićeni autorskim pravima;
7810; Djelatnosti agencija za zapošljavanje;
7820; Djelatnosti agencija za privremeno zapošljavanje;
7830; Ostalo ustupanje ljudskih resursa;
7911; Djelatnosti putničkih agencija;
7912; Djelatnosti organizatora putovanja (turoperatora);
7990; Ostale rezervacijske usluge i djelatnosti povezane s njima;
8010; Djelatnosti privatne zaštite;
8020; Usluge zaštite uz pomoć sigurnosnih sustava;
8030; Istražne djelatnosti;
8110; Upravljanje zgradama;
8121; Osnovno čišćenje zgrada;
8122; Ostale djelatnosti čišćenja zgrada i objekata;
8129; Ostale djelatnosti čišćenja;
8130; Uslužne djelatnosti uređenja i održavanja krajolika;
8211; Kombinirane uredske administrativne uslužne djelatnosti;
8219; Fotokopiranje, priprema dokumenata i ostale specijalizirane uredske pomoćne djelatnosti;
8220; Djelatnosti pozivnih centara;
8230; Organizacija sastanaka i poslovnih sajmova;
8291; Djelatnosti agencija za prikupljanje i naplatu računa te kreditnih ureda;
8292; Djelatnosti pakiranja;
8299; Ostale poslovne pomoćne uslužne djelatnosti, druge nespomenute;
8411; Opće djelatnosti javne uprave;
8412; Reguliranje djelatnosti subjekata koji pružaju zdravstvenu zaštitu, usluge u obrazovanju i kulturi i druge društvene usluge, osim obveznoga socijalnog osiguranja;
8413; Reguliranje i poboljšavanje poslovanja u gospodarstvu;
8421; Vanjski poslovi;
8422; Poslovi obrane;
8423; Sudske i pravosudne djelatnosti;
8424; Poslovi javnog reda i sigurnosti;
8425; Djelatnosti vatrogasne službe;
8430; Djelatnosti obveznoga socijalnog osiguranja;
8510; Predškolsko obrazovanje;
8520; Osnovno obrazovanje;
8531; Opće srednje obrazovanje;
8532; Tehničko i strukovno srednje obrazovanje;
8541; Obrazovanje nakon srednjeg koje nije visoko;
8542; Visoko obrazovanje ;
8551; Obrazovanje i poučavanje u području sporta i rekreacije;
8552; Obrazovanje i poučavanje u području kulture;
8553; Djelatnosti vozačkih škola;
8559; Ostalo obrazovanje i poučavanje, druge nespomenute;
8560; Pomoćne usluge u obrazovanju;
8610; Djelatnosti bolnica;
8621; Djelatnosti opće medicinske prakse;
8622; Djelatnosti specijalističke medicinske prakse;
8623; Djelatnosti stomatološke prakse;
8690; Ostale djelatnosti humane medicine;
8710; Djelatnosti ustanova za njegu;
8720; Djelatnosti socijalne skrbi sa smještajem za osobe s poteškoćama u razvoju, duševno bolesne i zlostavljane osobe ;
8730; Djelatnosti socijalne skrbi sa smještajem za starije osobe i osobe s invaliditetom;
8790; Ostale djelatnosti socijalne skrbi sa smještajem;
8810; Djelatnosti socijalne skrbi bez smještaja za starije osobe i osobe s invaliditetom;
8891; Djelatnosti dnevne skrbi o djeci;
8899; Ostale djelatnosti socijalne skrbi bez smještaja, druge nespomenute;
9001; Izvođačka umjetnost;
9002; Pomoćne djelatnosti u izvođačkoj umjetnosti;
9003; Umjetničko stvaralaštvo;
9004; Rad umjetničkih objekata;
9101; Djelatnosti knjižnica i arhiva;
9102; Djelatnosti muzeja;
9103; Rad povijesnih mjesta i građevina te sličnih zanimljivosti za posjetitelje;
9104; Djelatnosti botaničkih i zooloških vrtova i prirodnih rezervata;
9200; Djelatnosti kockanja i klađenja;
9311; Rad sportskih objekata;
9312; Djelatnosti sportskih klubova;
9313; Fitnes centri;
9319; Ostale sportske djelatnosti;
9321; Djelatnosti zabavnih i tematskih parkova;
9329; Ostale zabavne i rekreacijske djelatnosti;
9411; Djelatnosti poslovnih organizacija i organizacija poslodavaca;
9412; Djelatnosti strukovnih članskih organizacija;
9420; Djelatnosti sindikata;
9491; Djelatnosti vjerskih organizacija;
9492; Djelatnosti političkih organizacija;
9499; Djelatnosti ostalih članskih organizacija, druge nespomenute;
9511; Popravak računala i periferne opreme;
9512; Popravak komunikacijske opreme;
9521; Popravak elektroničkih uređaja za široku potrošnju;
9522; Popravak aparata za kućanstvo te opreme za kuću i vrt;
9523; Popravak obuće i proizvoda od kože;
9524; Popravak namještaja i pokućstva;
9525; Popravak satova i nakita;
9529; Popravak ostalih predmeta za osobnu uporabu i kućanstvo ;
9601; Pranje i kemijsko čišćenje tekstila i krznenih proizvoda;
9602; Frizerski saloni i saloni za uljepšavanje;
9603; Pogrebne i srodne djelatnosti;
9604; Djelatnosti za njegu i održavanje tijela;
9609; Ostale osobne uslužne djelatnosti, druge nespomenute;
9700; Djelatnosti kućanstava koja zapošljavaju poslugu;
9810; Djelatnosti privatnih kućanstava koja proizvode različitu robu za vlastite potrebe;
9820; Djelatnosti privatnih kućanstava koja obavljaju različite usluge za vlastite potrebe;
9900; Djelatnosti izvanteritorijalnih organizacija i tijela;
